﻿<?xml version="1.0" encoding="utf-8" ?>
<Patch>
	<Operation Class="PatchOperationSequence">
		<operations>
			<li Class="PatchOperationAdd">
				<xpath>Defs/ThingDef[defName="Dresser"]/comps</xpath>
				<value>	
					<li Class="LWM.DeepStorage.Properties">
						<maxNumberStacks>4</maxNumberStacks>
						<minNumberStacks>0</minNumberStacks>
						<maxTotalMass>4</maxTotalMass>
						<minTimeStoringTakes>90</minTimeStoringTakes>
						<additionalTimeEachStack>15</additionalTimeEachStack>
						<showContents>false</showContents>
					</li>
				</value>
			</li>
			<li Class="PatchOperationAdd">
				<xpath>Defs/ThingDef[defName="EndTable"]/comps</xpath>
				<value>	
					<li Class="LWM.DeepStorage.Properties">
						<maxNumberStacks>4</maxNumberStacks>
						<minNumberStacks>0</minNumberStacks>
						<maxTotalMass>1.8</maxTotalMass>
						<minTimeStoringTakes>90</minTimeStoringTakes>
						<additionalTimeEachStack>15</additionalTimeEachStack>
						<showContents>false</showContents>
					</li>
				</value>
			</li>
			<li Class="PatchOperationAdd">
				<xpath>Defs/ThingDef[defName="Dresser" or defName="EndTable"]/inspectorTabs</xpath>
				<value>
					<li>LWM.DeepStorage.ITab_DeepStorage_Inventory</li>
				</value>
			</li>
		</operations>
	</Operation>
</Patch>
