﻿<?xml version="1.0" encoding="utf-8" ?>
<Patch>
	<Operation Class="PatchOperationSequence">
		<operations>
			<li Class="PatchOperationAdd">
				<xpath>Defs/ThingDef[defName="Table_IlluminatedEndTable" or defName="Table_IlluminatedDresser"]</xpath>
				<value>
					<thingClass>Building_Storage</thingClass>
					<building>
						<preventDeteriorationOnTop>true</preventDeteriorationOnTop>
						<ignoreStoredThingsBeauty>true</ignoreStoredThingsBeauty>
						<fixedStorageSettings>
						<filter>
							<categories>
								<li>Apparel</li>
								<li>Weapons</li>
								<li>Drugs</li>
								<li>Textiles</li>
							</categories>
						</filter>
						</fixedStorageSettings>
						<defaultStorageSettings>
						<priority>Preferred</priority>
						<filter>
							<categories>
								<li>Apparel</li>
							</categories>
							<specialFiltersToDisallow>
								<li>AllowDeadmansApparel</li>
							</specialFiltersToDisallow>
						</filter>
						</defaultStorageSettings>
					</building>
					<inspectorTabs>
						<li>ITab_Storage</li>
					</inspectorTabs>	
				</value>		
			</li>		
			<li Class="PatchOperationFindMod">
				<mods>
					<li>LWM's Deep Storage</li>
				</mods>
				<match Class="PatchOperationSequence">
					<operations>
						<li Class="PatchOperationAdd">
							<xpath>Defs/ThingDef[defName="Table_IlluminatedEndTable" or defName="Table_IlluminatedDresser"]/inspectorTabs</xpath>
							<value>
								<li>LWM.DeepStorage.ITab_DeepStorage_Inventory</li>
							</value>
						</li>		
						<li Class="PatchOperationAdd">
							<xpath>Defs/ThingDef[defName="Table_IlluminatedDresser"]/comps</xpath>
							<value>	
								<li Class="LWM.DeepStorage.Properties">
									<maxNumberStacks>3</maxNumberStacks>
									<minNumberStacks>0</minNumberStacks>
									<maxTotalMass>2</maxTotalMass>
									<minTimeStoringTakes>90</minTimeStoringTakes>
									<additionalTimeEachStack>15</additionalTimeEachStack>
									<showContents>false</showContents>
								</li>
							</value>
						</li>
						<li Class="PatchOperationAdd">
							<xpath>Defs/ThingDef[defName="Table_IlluminatedEndTable"]/comps</xpath>
							<value>	
								<li Class="LWM.DeepStorage.Properties">
									<maxNumberStacks>2</maxNumberStacks>
									<minNumberStacks>0</minNumberStacks>
									<maxTotalMass>1.8</maxTotalMass>
									<minTimeStoringTakes>90</minTimeStoringTakes>
									<additionalTimeEachStack>15</additionalTimeEachStack>
									<showContents>false</showContents>
								</li>
							</value>
						</li>
					</operations>
				</match>
			</li>		
		</operations>
	</Operation>
</Patch>
